{
  "type": "page",
  "title": "列表",
  "remark": null,
  "name": "page-demo",
  "toolbar": [
    {
      "type": "button",
      "actionType": "link",
      "link": "/crud/new",
      "label": "新增",
      "primary": true
    }
  ],
  "body": [
    {
      "type": "crud",
      "name": "sample",
      "api": "${API_HOST}/api/amis-mock/sample?page=${page}&perPage=${perPage}&keywords=${keywords}",
      "filter": {
        "title": "",
        "mode": "inline",
        "wrapWithPanel": false,
        "submitText": "",
        "controls": [
          {
            "type": "text",
            "name": "keywords",
            "placeholder": "通过关键字搜索",
            "addOn": {
              "label": "搜索",
              "type": "submit",
              "className": "btn-success"
            },
            "clearable": true
          }
        ],
        "className": "m-b-sm"
      },
      "bulkActions": [
        {
          "label": "批量修改",
          "type": "button",
          "actionType": "dialog",
          "level": "primary",
          "dialog": {
            "title": "批量编辑",
            "name": "sample-bulk-edit",
            "body": {
              "type": "form",
              "api": "${API_HOST}/api/amis-mock/sample/bulkUpdate2",
              "controls": [
                {
                  "type": "text",
                  "name": "engine",
                  "label": "Engine"
                }
              ]
            }
          }
        },
        {
          "label": "批量删除",
          "type": "button",
          "level": "danger",
          "actionType": "ajax",
          "api": "delete:${API_HOST}/api/amis-mock/sample/$ids",
          "confirmText": "确定要批量删除?"
        }
      ],
      "columns": [
        {
          "name": "engine",
          "label": "Rendering engine",
          "sortable": true
        },
        {
          "name": "id",
          "label": "ID",
          "width": 20,
          "sortable": true
        },
        {
          "name": "browser",
          "label": "Browser",
          "sortable": true
        },
        {
          "name": "platform",
          "label": "Platform(s)",
          "sortable": true
        },
        {
          "name": "version",
          "label": "Engine version"
        },
        {
          "name": "grade",
          "label": "CSS grade"
        },
        {
          "type": "operation",
          "label": "操作",
          "width": "",
          "buttons": [
            {
              "type": "button-group",
              "buttons": [
                {
                  "type": "button",
                  "label": "查看",
                  "level": "primary",
                  "actionType": "link",
                  "link": "/crud/${id}"
                },
                {
                  "type": "button",
                  "label": "修改",
                  "level": "info",
                  "actionType": "link",
                  "link": "/crud/${id}/edit"
                },
                {
                  "type": "button",
                  "label": "删除",
                  "level": "danger",
                  "actionType": "ajax",
                  "confirmText": "您确认要删除?",
                  "api": "delete:${API_HOST}/api/amis-mock/sample/$id"
                }
              ]
            }
          ],
          "placeholder": "-",
          "fixed": "right"
        }
      ],
      "affixHeader": true,
      "columnsTogglable": "auto",
      "placeholder": "暂无数据",
      "tableClassName": "table-db table-striped",
      "headerClassName": "crud-table-header",
      "footerClassName": "crud-table-footer",
      "toolbarClassName": "crud-table-toolbar",
      "combineNum": 0,
      "bodyClassName": "panel-default"
    }
  ]
}
